"Twitter Query: emt valencia -filter:retweets,"
Date,Screen Name,Full Name,Tweet Text,Tweet ID,Link(s),Media,Location,Retweets,Favorites,App,Followers,Follows,Listed,Verfied,User Since,Location,Bio,Website,Timezone,Profile Image
2018-06-28 11:08:53,@alberoabogada,null,"@emtvalencia Un mensaje directo, de acuerdo",1012291740852805632,null,null,null,0,0,null,11,null,null,2011-10-21 07:55:54,null,null,null,null,null
2018-06-28 11:06:40,@emtvalencia,null,"@alberoabogada Hola, es un mensaje privado. Un saludo.",1012291183719133186,null,null,null,0,0,null,9667,null,null,2013-05-20 13:22:43,null,null,null,null,null
2018-06-28 11:02:19,@alberoabogada,null,@emtvalencia ¬øQu√© es un DM?,1012290088196337664,null,null,null,0,0,null,11,null,null,2011-10-21 07:55:54,null,null,null,null,null
2018-06-28 10:27:57,@TransitValencia,null,"‚ö†Ô∏è‚≠ïÔ∏èTANCADA a la circulaci√≥ la Pla√ßa de l'Ajuntament, entre Sang i Periodista Azzati, per manifestaci√≥.",1012281439772205056,null,null,null,1,1,null,11436,null,null,2012-11-19 10:14:33,null,null,null,null,null
2018-06-28 10:10:06,@emtvalencia,null,#InfoEMT: Todas mejoramos EMT y cada trayecto. https://t.co/9iAYwVpeWJ,1012276949836812288,null,null,null,0,0,null,9667,null,null,2013-05-20 13:22:43,null,null,null,null,null
2018-06-28 10:05:56,@emtvalencia,null,"@alberoabogada Hola, en ocasiones puntuales puede haber retraso en el tr√°fico de datos.  Si nos env√≠as un DM con tu tel√©fono contactamos contigo para comprobar qu√© ha pasado y ayudarte. Un saludo",1012275899528613888,null,null,null,0,0,null,9667,null,null,2013-05-20 13:22:43,null,null,null,null,null
2018-06-28 09:51:47,@alberoabogada,null,"@emtvalencia Es sonrojante que ayer por la ma√±ana recargara por internet mi bonob√∫s con 20 viajes, y al usarlo a las 21 h. todav√≠a no constaba en mi bonob√∫s la recarga, teniendo, adem√°s, que pagar el importe del billete. El conductor se solidariz√≥ conmigo, Espero no se repita.",1012272338593767424,null,null,null,0,1,null,11,null,null,2011-10-21 07:55:54,null,null,null,null,null
2018-06-28 09:47:36,@CsValencia_C,null,üìΩÔ∏è No te pierdas el balance de @NarcisoEstelles sobre la seguridad vial de Grezzi en la ciudad de Valencia ‚§µÔ∏è #PleValencia https://t.co/OKh60JoBT7,1012271284670132224,null,null,null,0,1,null,8197,null,null,2011-11-04 23:43:22,null,null,null,null,null
2018-06-28 09:46:31,@Qlik_ITA,null,"Come trasformare dati grezzi in informazioni di valore, l'esperienza di Pietro Fiorentini al #QlikSense Tour 2018 @Sanmarco_IT https://t.co/RJAzdayu9f",1012271012115820545,null,null,null,0,0,null,737,null,null,2014-05-05 12:00:08,null,null,null,null,null
2018-06-28 09:28:48,@CsValencia_C,null,"üèõÔ∏è @NarcisoEstelles ""Nos preocupa la poca transparencia de Grezzi negando la presencia de la oposici√≥n en la mesa de la movilidad y nuestra participaci√≥n en el Plan de Seguridad Vial"" #PleValencia https://t.co/GKvtilk6qm",1012266555982467073,null,null,null,0,1,null,8197,null,null,2011-11-04 23:43:22,null,null,null,null,null
2018-06-28 09:16:32,@jgmb65,null,@emtvalencia Lo que hay que mejorar es el Servicio de Atenci√≥n al Usuario y la aplicaci√≥n telef√≥nica de recargas de la targeta Bono Bus,1012263469364768769,null,null,null,0,1,null,34,null,null,2014-08-12 19:21:27,null,null,null,null,null
2018-06-28 09:15:49,@Ferran,null,El colapso generado en #Val√©ncia por las pol√≠ticas de Rib√≥ y Grezzi obligan a los conductores a buscar alternativas de circulaci√≥n por caminos rurales. https://t.co/HQIk30ISwE,1012263287386406912,null,null,null,6,10,null,5252,null,null,2010-06-21 17:58:24,null,null,null,null,null
2018-06-28 09:00:14,@emtvalencia,null,"#InfoEMT: A partir del proper dimarts 3 de juliol, millorem el servici a les platges. https://t.co/1kL4zPBZsf",1012259368572805120,null,null,null,2,1,null,9667,null,null,2013-05-20 13:22:43,null,null,null,null,null
2018-06-28 08:53:46,@Valenciaturismo,null,Este verano te llevamos a la #Albufera y a las playas m√°s salvajes de Valencia con la l√≠nea 25 de @emtvalencia  . ¬°Y t√∫ solo disfruta del verano! ‚òÄÔ∏è https://t.co/ORrp31ElkF,1012257740738187264,null,null,null,0,4,null,32360,null,null,2009-05-21 08:03:27,null,null,null,null,null
2018-06-28 08:40:18,@josegaizka,null,@lasprovincias Uyyyyy !!! No leo a grezzi desde ayer....üò≥,1012254349022593025,null,null,null,0,0,null,122,null,null,2011-09-27 13:06:44,null,null,null,null,null
2018-06-28 08:33:32,@emtvalencia,null,#InfoEMT Parada n¬∫ 771 Torres de Serrans-Comte de Tr√©nor suprimida per obres. #L5EMT #L28EMT #L95EMT realitzen parada n¬∫ 2032 Comte de Tr√©nor-Pont de Fusta.,1012252648706330625,null,null,null,0,0,null,9667,null,null,2013-05-20 13:22:43,null,null,null,null,null
2018-06-28 08:27:24,@emtvalencia,null,"@jgmb65 Hola Guillermo, por favor env√≠anos un DM con tu tel√©fono y te llamamos para comprobar qu√© ha pasado. Gracias.",1012251103193419777,null,null,null,0,0,null,9667,null,null,2013-05-20 13:22:43,null,null,null,null,null
2018-06-28 08:20:04,@emtvalencia,null,#InfoL98: Mejoramos el servicio. https://t.co/THEp0KXxM4,1012249259326963717,null,null,null,0,1,null,9667,null,null,2013-05-20 13:22:43,null,null,null,null,null
2018-06-28 08:16:27,@lucastagni1,null,"@lorenzojova ciao sono luca. posso mandarti dei provini da ascoltare? purtroppo sono grezzi a causa di una grave malattia che ha colpito la mia famiglia da 18 anni.
ma sono carini. dove posso mandarteli? grazie e scusa il disturbo @lucastagni1",1012248349309882368,null,null,null,0,0,null,2,null,null,2016-04-26 11:20:51,null,null,null,null,null
2018-06-28 08:16:26,@jgmb65,null,"@emtvalencia Han pasado 24 horas y la targeta cargada con la aplicaci√≥n telef√≥nica de la EMTValencia a√∫n no esta actualizada con los 10 viajes que me corresponden. El sistema es una inutilidad, un fracaso absoluto. Atenci√≥n al cliente de EMTValencia no funciona, un desastre",1012248343760850944,null,null,null,0,1,null,34,null,null,2014-08-12 19:21:27,null,null,null,null,null
2018-06-28 08:00:21,@emtvalencia,null,#InfoEMT: Informaci√≥ per a tu. https://t.co/7C2B0OLkHs,1012244297004081152,null,null,null,0,0,null,9667,null,null,2013-05-20 13:22:43,null,null,null,null,null
2018-06-28 07:36:14,@TransitValencia,null,"Bon dia! üòä
L‚Äô@AjuntamentVLC, a trav√©s del servici de @VlcMobilitat, refor√ßa l‚Äôimpuls per a l‚Äôadaptaci√≥ de les parades d‚Äôautobusos de l‚Äô@emtvalencia  per a tota la ciutadania.

M√©s info.: https://t.co/aRmNv4HAYJ https://t.co/s7KU5AgaTc",1012238228932497408,null,null,null,0,3,null,11436,null,null,2012-11-19 10:14:33,null,null,null,null,null
2018-06-28 07:35:04,@emtvalencia,null,Anem a @cinemajove amb bus. https://t.co/ljuYwXeEgD,1012237934450348032,null,null,null,0,0,null,9667,null,null,2013-05-20 13:22:43,null,null,null,null,null
2018-06-28 07:05:23,@emtvalencia,null,@chiquisanz Gracias a ti por colaborar en la mejora de nuestro servicio. Feliz d√≠a!,1012230464239755264,null,null,null,0,0,null,9667,null,null,2013-05-20 13:22:43,null,null,null,null,null
2018-06-28 06:55:14,@emtvalencia,null,"@EmilioLaitano Hola, sentimos la espera, pero nos consta una incidencia en la l√≠nea que afect√≥ a la frecuencia de paso.",1012227909401108480,null,null,null,0,0,null,9667,null,null,2013-05-20 13:22:43,null,null,null,null,null
2018-06-28 06:20:05,@emtvalencia,null,#InfoEMT: Informaci√≥ de la L94. https://t.co/NUWgwvaYxP https://t.co/BiBndEWInu,1012219064956215297,null,null,null,0,0,null,9667,null,null,2013-05-20 13:22:43,null,null,null,null,null
2018-06-28 06:19:34,@chiquisanz,null,@emtvalencia Ya est√°n reparados los asientos de la parada Guillem de Castro 1305. Muchisimas Gracias üòÉ https://t.co/nvQ90Ye7wP,1012218932051275776,null,null,null,0,1,null,1704,null,null,2011-12-08 11:47:29,null,null,null,null,null
2018-06-28 05:28:33,@Pableraso,null,"!PAREMOS ESTA LOCURA! Proponen q S√ìLO tenga COCHE QUIEN TENGA GARAJE 

 Afines a Grezzi plantean adem√°s TASAS para ACCEDER al CENTRO y que BICIS puedan ir ¬°en CONTRADIRECCI√ìN!, adem√°s de poder ¬°SALTARSE los üö¶ en ROJO!

¬°YA EST√Å BIEN! FIRMEMOS Y DIFUNDAMOS https://t.co/DAWaJgkg3x",1012206092653350912,null,null,null,36,19,null,1500,null,null,2010-08-30 09:44:58,null,null,null,null,null
2018-06-27 21:04:33,@ressemblanch,null,"@Kale_Barraka ""Kambiar Todo Para Que No Kambie Kanal 9"".

Il Gattopardo, Giuseppe Grezzi di Lampedusa.",1012079257986699264,null,null,null,2,3,null,121,null,null,2015-10-16 08:35:25,null,null,null,null,null
2018-06-27 20:23:24,@EmilioLaitano,null,El 94 con salida 21:55 de Av. Francia lleva 2 noches dejando tirados a los trabajadores de la zona. Hay que esperar +30 min.! @emtvalencia no cumplen.,1012068904091471872,null,null,null,0,1,null,72,null,null,2014-08-01 23:51:40,null,null,null,null,null
2018-06-27 19:39:52,@MrAldisaADS,null,"@emtvalencia ""Sentimos las molestias"", no las sentireis tanto si la estais cancelando xD",1012057946472308736,null,null,null,0,0,null,77,null,null,2012-04-10 11:31:09,null,null,null,null,null
2018-06-27 19:22:46,@Ruedasredondas,null,"@movilidadmalaga @emtvalencia @vlcextra Hay ciudades que apuestan por una verdadera #MovilidadSostenible  otras hacen como que miran. Tuvimos el gusto de estar en @ciutatamable en mayo en el XV Congreso Ib√©rico de la #bicicleta  con Gussepe Gressi, experiencia inolvidable.",1012053645263765504,null,null,null,0,2,null,1189,null,null,2011-10-23 12:23:13,null,null,null,null,null
2018-06-27 18:50:38,@josebeni_rm,null,"@emtvalencia Hola, tinc un dubte sobre el servici, em podeu ajudar? https://t.co/yQ5vi0wn5b",1012045558779908098,null,null,null,0,0,null,357,null,null,2010-04-27 14:08:53,null,null,null,null,null
2018-06-27 18:48:19,@josebeni_rm,null,@nachoroad @giuseppegrezzi @emtvalencia I la Malva-rosa en el Cabanyal,1012044974798536704,null,null,null,0,0,null,357,null,null,2010-04-27 14:08:53,null,null,null,null,null
2018-06-27 18:35:33,@emtvalencia,null,"@Akiralover_ Hola, se analizan muchos datos e intentamos establecer la mejor frecuencia en cada l√≠nea para ajustar en todo momento la oferta a la demanda. Un saludo.",1012041763677179904,null,null,null,1,0,null,9667,null,null,2013-05-20 13:22:43,null,null,null,null,null
2018-06-27 18:32:57,@sgalberto,null,"@emtvalencia Moltes gr√†cies, era molt estrany. Les pantalles i l‚Äôapp indicaven fins a 25 minuts. A veure si es resol ;) Salutacions!",1012041105486106634,null,null,null,0,1,null,1764,null,null,2008-08-13 08:42:21,null,null,null,null,null
2018-06-27 18:31:30,@emtvalencia,null,"@sgalberto Bona vesprada, la freq√º√®ncia programada de la L√≠nia 6 s√≥n 11-12 minuts. Ens consta una incid√®ncia que ha afectat l'horari. Salutacions",1012040741189750784,null,null,null,1,0,null,9667,null,null,2013-05-20 13:22:43,null,null,null,null,null
2018-06-27 18:27:28,@Akiralover_,null,"¬øPor qu√© cambi√°is el horario de la l√≠nea 26 en LABORABLES aumentando en m√°s de 10 minutos la escasa frecuencia que ten√≠an?
Algunos dependemos de esa l√≠nea much√≠simo @emtvalencia :(",1012039727564849152,null,null,null,0,0,null,396,null,null,2011-07-28 11:31:09,null,null,null,null,null
2018-06-27 18:23:49,@RLR_1973,null,@ENGINER_28 @VOX_Valencia @alfahispania70 @giuseppegrezzi Joden la ciudad con el carril Grezzi y ahora pretenden no estar obligados a usarlo. Es de locos jajaja,1012038810975309825,null,null,null,0,1,null,86,null,null,2016-05-23 21:51:52,null,null,null,null,null
2018-06-27 18:17:29,@emtvalencia,null,"@mcfurio Buenas tardes, pasamos aviso interno con lo que nos comentas. Un saludo.",1012037213444591616,null,null,null,0,0,null,9667,null,null,2013-05-20 13:22:43,null,null,null,null,null
2018-06-27 18:16:32,@sgalberto,null,"Bona vesprada, @emtvalencia! La freq√º√®ncia de 25 minuts en la L6 un dia entre setmana a les 20h √©s incid√®ncia o que ja √©s estiu? Per buscar alternatives... Gr√†cies!",1012036975380004865,null,null,null,0,4,null,1764,null,null,2008-08-13 08:42:21,null,null,null,null,null
2018-06-27 18:16:15,@pettymagpie,null,"@Lo_re_da Ecco...qui dissento. 
I grezzi con l'ormone ci possono anche azzerare, con altro no",1012036906698371072,null,null,null,0,0,null,5562,null,null,2014-11-10 14:47:13,null,null,null,null,null
2018-06-27 18:14:41,@Lo_re_da,null,@pettymagpie I grezzi,1012036510823206930,null,null,null,1,0,null,48,null,null,2016-09-12 12:47:49,null,null,null,null,null
2018-06-27 18:12:38,@TransitValencia,null,‚ö†Ô∏è(20:12 h) Accident en Pont de Xirivella sentit d'eixida. Possibles retencions en Avinguda del Cid d'eixida.,1012035992922943488,null,null,null,0,1,null,11436,null,null,2012-11-19 10:14:33,null,null,null,null,null
2018-06-27 18:07:14,@HectorG_Burgos,null,‚ôøüöèüöç Los colegas de @emtvalencia tambi√©n avanzan en la accesibilidad de las paradas. https://t.co/Uw8bUi5Qvy,1012034635759570944,null,null,null,0,0,null,406,null,null,2014-12-23 15:26:14,null,null,null,null,null
2018-06-27 17:54:50,@mcfurio,null,.@emtvalencia seguimos sin entender que pasa todos los dias con esta linea. https://t.co/vp7t6TSnIg,1012031516900315139,null,null,null,0,1,null,14,null,null,2010-12-23 11:27:08,null,null,null,null,null
2018-06-27 17:45:00,@Seamus_The_Dog,null,"@Sandybaylor2 @RobertoBurioni @ladyonorato attendi. se vuoi parlare con uno che dell'argomento ne sa, ti informi. 
a me i dati del mio tweet non li ha detti nessuno. sono andato a cercarmi i dati grezzi, gli studi, ho confrontato i due e quelli sono i numeri venuti fuori. che coincidono con quelli WHO.",1012029040310538240,null,null,null,0,0,null,1085,null,null,2012-01-25 14:20:02,null,null,null,null,null
2018-06-27 17:10:10,@VlcComunica,null,Movilidad Sostenible adaptar√° paradas de EMT. EMT Val√®ncia @emtvalencia https://t.co/ZWEpE2J40o,1012020275490238465,null,null,null,0,0,null,126,null,null,2017-10-24 08:52:30,null,null,null,null,null
2018-06-27 17:03:24,@nachoroad,null,"@giuseppegrezzi Tornem-hi amb el ""Platges"". Denominaci√≥ l√≠nies #NovaXarxa #LaXarxadelFutur @emtvalencia no √©s clara, √∫til i senzilla
L32: Passeig Mar√≠tim ‚úÖ
L92: Passeig Mar√≠tim ‚úÖ
L93: Passeig Mar√≠tim ‚úÖ
L98: Passeig Mar√≠tim ‚úÖ

L18: Platges ‚ùå 
L95: Platges ‚ùå

üëé  #Integraci√≥ https://t.co/2b71tNi1dG",1012018570140831746,null,null,null,0,0,null,582,null,null,2011-05-30 20:31:11,null,null,null,null,null
2018-06-27 16:41:07,@guillem_vlc,null,"@levante_emv - ¬°Qu√© mal huele Valencia! Puto Juan Rib√≥n.
+ Canviem les tuberies m√©s velles de la ciutat ;)
- ¬øCorte de tr√°fico? Puto Grezzi.

I aix√≠ tot. D‚Äôon no hi ha no es pot traure.",1012012963249709059,null,null,null,0,0,null,609,null,null,2011-12-06 23:26:23,null,null,null,null,null
2018-06-27 16:37:55,@emtvalencia,null,"#InfoEMT: A partir del proper dimarts 3 de juliol, millorem el servici a les platges. https://t.co/mkknpxCz4X",1012012158513766400,null,null,null,0,0,null,9667,null,null,2013-05-20 13:22:43,null,null,null,null,null
2018-06-27 16:22:51,@emtvalencia,null,"#InfoL63: Desde el pr√≥ximo 6 de julio hasta el 10 de septiembre, se pausa el servicio de la L63. https://t.co/bMJ7VowRxf",1012008365290123265,null,null,null,1,1,null,9667,null,null,2013-05-20 13:22:43,null,null,null,null,null
2018-06-27 16:09:13,@emtvalencia,null,"@jgmb65 Buenas tardes, si nos mandas por DM el n¬∫ tarjeta m√≥bilis comprobamos lo que nos comentas. Un saludo",1012004936496885760,null,null,null,0,0,null,9667,null,null,2013-05-20 13:22:43,null,null,null,null,null
2018-06-27 16:02:54,@jgmb65,null,"@emtvalencia Contestaci√≥n de atenci√≥n al cliente de EMTValencia, hay mucho trafico de tarjeta y va todo con retraso, es decir, la aplicaci√≥n es mala, no funciona adecuadamente, yo tengo 10 viajes que no puedo utilicir. Una caradura impresionante",1012003347656859648,null,null,null,0,1,null,34,null,null,2014-08-12 19:21:27,null,null,null,null,null
2018-06-27 15:56:57,@jgmb65,null,"@emtvalencia Esta ma√±ana sobre las 11,40h hemos recargado la targeta Bono Bus por importe de 10 viajes y hasta este momento no esta recargada",1012001847635333120,null,null,null,0,1,null,34,null,null,2014-08-12 19:21:27,null,null,null,null,null
2018-06-27 15:51:10,@jlobrador,null,La @emtvalencia alargar√° las l√≠neas 18 y 95 desde San Marcelino y Nazaret hasta las playas tras las exigencias vecinales de conexiones directas desde los barrios del sur https://t.co/EcXxRmdQfq v√≠a @20m https://t.co/OTn08mpZ2P,1012000391905644544,null,null,null,0,0,null,1224,null,null,2011-09-02 13:49:47,null,null,null,null,null
2018-06-27 15:47:21,@anitacalle11,null,@davidvazbaciero por el que no fuimos! https://t.co/EtPcpQPKdl,1011999433997869059,null,null,null,0,0,null,114,null,null,2011-03-13 18:27:56,null,null,null,null,null
2018-06-27 15:42:50,@emtvalencia,null,"@phede_ @contarlaverdad Disculpad las molestias, tomamos nota de vuestros comentarios para mejorar. Gracias por vuestra colaboraci√≥n.",1011998297790218241,null,null,null,0,1,null,9667,null,null,2013-05-20 13:22:43,null,null,null,null,null
2018-06-27 15:12:53,@phede_,null,"Hola @emtvalencia ,@AjuntamentVLC , en la parada 2251 no existe nada de sombra y esperar al ‚òÄÔ∏è en pleno verano es insoportable. ¬øSe ha pensado en poner una parada que no sea un simple palo o alg√∫n elemento que nos proteja del sol? https://t.co/Us5kdpSgMC",1011990760210731008,null,null,null,0,2,null,819,null,null,2010-02-17 23:25:30,null,null,null,null,null
2018-06-27 15:10:10,@levante_emv,null,"La @emtvalencia alarga las l√≠neas 95 y 18 hacia la playa desde Malilla, Sant Marcel¬∑l√≠ y Nazaret https://t.co/7yBRwPTDIM Por @josepbartual",1011990075972956167,null,null,null,3,5,null,215599,null,null,2007-08-15 14:16:10,null,null,null,null,null
2018-06-27 15:04:28,@MediosMovilesC,null,@movilidadmalaga @emtvalencia @vlcextra Que bien aca en Mexico concreto en la CDMX se necesita implantar la materia de Movilidad en las instituciones educativas @CDMX_Semovi @LBallesterosM @JPadillaZ @AMTM_AC @GobCDMX,1011988641395232768,null,null,null,0,0,null,1652,null,null,2014-09-04 19:26:43,null,null,null,null,null
2018-06-27 15:03:19,@elperiodicoaqui,null,Movilidad Sostenible adaptar√° 17 paradas m√°s de @EMTValencia e impulsar√° las franjas tacto-visuales en otras 169 paradas https://t.co/XUZAztjP5i,1011988351681998850,null,null,null,0,0,null,8976,null,null,2010-10-18 16:32:38,null,null,null,null,null
2018-06-27 15:00:45,@movilidadmalaga,null,"La educaci√≥n, la base para alcanzar la #MovilidadSostenible. Un total de 121 estudiantes en Valencia han recibido formaci√≥n en este tipo de materias gracias a los cursos impulsados por @emtvalencia‚û°Ô∏è‚û°Ô∏è https://t.co/ITvIYqs8rL V√≠a‚û°Ô∏è‚û°Ô∏è @vlcextra",1011987704140259330,null,null,null,1,0,null,2414,null,null,2015-09-16 07:46:05,null,null,null,null,null
2018-06-27 15:00:02,@LevanteValencia,null,"La @emtvalencia alarga las l√≠neas 95 y 18 hacia la playa desde Malilla, Sant Marcel¬∑l√≠ y Nazaret https://t.co/ZynUA2kimG Por @josepbartual",1011987526154903552,null,null,null,0,0,null,506,null,null,2017-01-11 17:04:37,null,null,null,null,null
2018-06-27 14:45:10,@josegaizka,null,@CsCValenciana @Mariola42 @mamen_peris @MCsanchezCs @Fginer @CiudadanosCs @CsValencia_Prov @JuanGCordoba @CsValencia_C @Tonicanto1 @OchandoJorge @VicenteTen El grezzi no dice nada? Que raro,1011983785812996096,null,null,null,0,0,null,122,null,null,2011-09-27 13:06:44,null,null,null,null,null
2018-06-27 14:42:21,@rafetarrrrgmail,null,"@AjuntamentVLC @joanribo @VlcMobilitat @emtvalencia Las barriadas de Orriols y Torrefiel siguen estando sucias sin servicios,c√≥mo cu√°ndo estaba el PP ,hagan algo y no demagogia,Gracias",1011983075629240320,null,null,null,0,1,null,30,null,null,2017-08-21 14:01:42,null,null,null,null,null
2018-06-27 14:23:19,@CBurzuri,null,"@magilso Grezzi depende de lo que se fume hace las cosas de una manera o de otra, pero siempre mal",1011978285201403904,null,null,null,0,1,null,4,null,null,2017-09-18 05:42:46,null,null,null,null,null
2018-06-27 14:03:39,@contarlaverdad,null,"@AjuntamentVLC @VlcMobilitat @emtvalencia De paso pod√≠ais poner alguna sombra en las paradas nuevas de la EMT del carrer del Palau de Just√≠cia frente al Tribunal Superior de Justicia,os gast√°is un mont√≥n de dinero en la obra y tenemos que esperar el bus 15 √≥ 20 minutos de lo bien que funciona a m√°s de 30 grados",1011973334458884096,null,null,null,0,2,null,3,null,null,2012-05-27 20:38:33,null,null,null,null,null
2018-06-27 14:03:24,@Anuska_Pituska,null,"@emtvalencia 

¬øOtra vez van a ahorrarse un 63?   Veo que al final el problema del 63 lo va a solucionar el calendario lectivo. En unos d√≠as cuando lleguen las vacaciones universitarias y deje de funcionar se acabar√°n las incidencias. Felicidades. 

#laxarxadelfutur https://t.co/l8RAkk5pPy",1011973273687613441,null,null,null,0,1,null,225,null,null,2013-06-20 16:25:30,null,null,null,null,null
2018-06-27 13:43:56,@AjuntamentVLC,null,üöç@VlcMobilitat adaptar√† 17 parades m√©s de l'@emtvalencia i impulsar√† les franges tacte-visuals en altres 169 parades. https://t.co/qXRg2W5pIB https://t.co/OhFlzngFBG,1011968373914308608,null,null,null,6,21,null,15555,null,null,2016-10-07 15:52:58,null,null,null,null,null
2018-06-27 13:41:33,@_Hatomuri,null,@emtvalencia Por favor... Es que adem√°s vienen llenos como es l√≥gico. Saludos,1011967773197721600,null,null,null,0,0,null,3,null,null,2018-06-11 20:44:13,null,null,null,null,null
2018-06-27 13:31:02,@Alexmarteng,null,"@Pericoalexii @lasprovincias @valenciaenbici Mientras siga gobernandonos este piccolo fascista q es el se√±or Grezzi, estoy seguro del acoso a todo lo que no se acople a sus ideas..
Pero es mucho mejor el retroceso a la evoluci√≥n y la eficacia de coches el√©ctricos o sistemas alternativos de energ√≠a..",1011965126499618817,null,null,null,0,0,null,3,null,null,2018-05-06 09:19:32,null,null,null,null,null
2018-06-27 13:17:01,@garmar1975,null,@isabel_ica @Jaume_Hurtado @policialocalvlc @anaismenguzzato @AVV_CABANYAL @Salvem @AjuntamentVLC No es cierto que tengamos un gobierno efectivo y de igualdad en Valencia. Los discapacitados invidentes prosiguen con problemas para circular por la calle y cabe a√±adir las bicicletas del se√±or Grezzi,1011961600939577344,null,null,null,1,4,null,16,null,null,2018-06-06 16:28:56,null,null,null,null,null
2018-06-27 12:45:42,@emtvalencia,null,"@_Hatomuri Hola, estamos atentos a las l√≠neas que os llevan a la playa para mejorar el servicio. Saludos!",1011953719045509120,null,null,null,0,1,null,9667,null,null,2013-05-20 13:22:43,null,null,null,null,null
2018-06-27 12:44:04,@_Hatomuri,null,@emtvalencia vaya veranito nos espera con las frecuencia de paso de la l√≠nea 99!!! No quiero pensar en agosto...,1011953307194097665,null,null,null,0,1,null,3,null,null,2018-06-11 20:44:13,null,null,null,null,null
2018-06-27 12:35:35,@for_everche,null,"@lasprovincias @valenciaenbici Muy bien Sr Grezzi, como debemos vivir, y comer, comemos bien? Consumimos mucho aire al respirar, si no tengo carrito, puedo tener hijos?",1011951173568430081,null,null,null,0,1,null,82,null,null,2011-01-29 20:53:51,null,null,null,null,null
2018-06-27 11:53:08,@TransitValencia,null,"L‚ÄôEMT ha tancat el seu propi curs escolar amb la participaci√≥ de 12.965 estudiants en alguns dels programes formatius en mobilitat sostenible per als m√©s j√≥vens üòä

EMT Val√®ncia
Mobilitat Sostenible Val√®ncia
Ajuntament de Val√®ncia

https://t.co/4Mmk6oVfxO https://t.co/tJJpXMXr0H",1011940489287864322,null,null,null,0,2,null,11436,null,null,2012-11-19 10:14:33,null,null,null,null,null
2018-06-27 11:13:25,@Alexmarteng,null,@Pericoalexii @lasprovincias @valenciaenbici Y por otra parte si te parece correcto que la p√©sima gesti√≥n del Sr. Grezzi haya incrementado los atascos y por ende la  contaminaci√≥n q sufrimos todos... Pues quiz√°s tengas q ser tu quien proponga opciones viables y reales a este tema.,1011930495914004481,null,null,null,0,0,null,3,null,null,2018-05-06 09:19:32,null,null,null,null,null
2018-06-27 10:24:23,@cesar_teruel,null,"@radaresvalencia Tranquilos si estos van fuera en las pr√≥ximas votaciones, subnormal grezzi o por lo menos este el marxista no es tonto del todo a este se lo carga",1011918154195496961,null,null,null,0,2,null,84,null,null,2013-12-22 18:59:43,null,null,null,null,null
2018-06-27 10:02:48,@gozalvez7,null,"@CristinaSegui_ @CompromisVLC Grezzi, ¬øpresunto fascista o un indocumentado?",1011912722689220608,null,null,null,0,0,null,153,null,null,2015-08-11 21:57:19,null,null,null,null,null
2018-06-27 09:52:17,@ojoazor,null,"NOTICI√ìN EN VALENCIA.
LOS ZANAHORIAS CERCANOS A LA LECHUGA GREZZI, PRETENDEN COBRAR UNA TASA A LOS PROPIETARIOS DE VEH√çCULOS QUE NO TENGAN GARAJE. 
üñïüñï CABRONI ITALIANI, hazlo en tu pueblo italiano. Y los palmeros que coman nabo,que seg√∫n ell@s es muy sano.",1011910076314128385,null,null,null,0,2,null,3090,null,null,2013-05-09 15:24:06,null,null,null,null,null
2018-06-27 09:46:46,@garcia_gim,null,"@lasprovincias @valenciaenbici Yo no me andar√≠a por las ramas y en lugar de Grezzi dictar√≠a un bando donde diga ""ser√°n ahorcados en la plaza del ayuntamiento todos aquellas personas que tengan coche"", y as√≠ acabamos antes con esta tortura que llevamos, ¬°¬°¬°¬°PERO QUIENES SE CREEN QUE SON ESTA PANDA!!",1011908689710735360,null,null,null,0,1,null,71,null,null,2017-05-07 11:29:32,null,null,null,null,null
2018-06-27 09:44:14,@AkireOrl,null,"@emtvalencia Muchas gracias, pero el susto no me lo quita nadie y las muchachas q se quedaron en tierra por las prisas del conductor seguro que tampoco est√°n muy contentas üòî",1011908050461118464,null,null,null,0,0,null,84,null,null,2013-04-15 13:44:39,null,null,null,null,null
2018-06-27 09:34:02,@josegaizka,null,@soymr_chol @CiudadRotisima @Miguevcf @lasprovincias @valenciaenbici Pues amigo de grezzi,1011905483127574528,null,null,null,0,0,null,122,null,null,2011-09-27 13:06:44,null,null,null,null,null
2018-06-27 09:26:16,@TransitValencia,null,"(11:25h) ‚ö†Ô∏è‚≠ïÔ∏èATENCI√ì per manifestaci√≥ que fa el seg√ºent recorregut: Pla√ßa de la Reina, Sant Vicent fins a Pla√ßa de l'Ajuntament. Es tanca el #tr√†nsit en Poeta Querol.",1011903528565080065,null,null,null,0,2,null,11436,null,null,2012-11-19 10:14:33,null,null,null,null,null
2018-06-27 09:06:32,@francescabiagi1,null,"#NigeriaArgentina che sia stato uno dei pi√π grandi calciatori del mondo nessuno lo pu√≤  negare, ma √®  sempre stato e sempre sar√† anche uno dei pi√π grezzi!!",1011898565340336128,null,null,null,1,3,null,63,null,null,2012-02-06 15:10:10,null,null,null,null,null
2018-06-27 08:27:15,@emtvalencia,null,"@juanmagarm @joanribo Bon dia, lamentem la mala experi√®ncia. Estem atents a l'evoluci√≥ de la l√≠nia 99 aix√≠ com traslladem el teu comentari per a seguir treballant i millorar en tots els aspectes del nostre servici.",1011888679516803073,null,null,null,0,0,null,9667,null,null,2013-05-20 13:22:43,null,null,null,null,null
2018-06-27 08:22:32,@juanmagarm,null,@emtvalencia la gent protesta i el conductor diu que no posa l‚Äôaire perqu√® ell no te calor #5308,1011887489416617984,null,null,null,0,0,null,83,null,null,2011-04-09 10:52:07,null,null,null,null,null
2018-06-27 08:21:55,@JoseAM92,null,"@emtvalencia Luego m√°s tarde volv√≠ a probar y dej√≥.

Muchas gracias!",1011887336639082497,null,null,null,0,0,null,1036,null,null,2011-08-23 17:17:43,null,null,null,null,null
2018-06-27 08:13:19,@juanmagarm,null,"@emtvalencia  @joanribo autob√∫s 99 amb finestretes tancades, sense aire acondicionat i conduint a trompicons. Este no es el servici que ens mereixem https://t.co/NljFEBUcdp",1011885172286021632,null,null,null,0,0,null,83,null,null,2011-04-09 10:52:07,null,null,null,null,null
2018-06-27 08:12:06,@N1osferatu,null,"@emtvalencia
Cu√°ndo obligar√°n a los conductores a apagar el motor cuando est√©n estacionados esperando a salir m√°s de 2 minutos? No saben que perjudica la salud y contaminan?? https://t.co/bOwpiQnpZr",1011884866923827200,null,null,null,0,0,null,397,null,null,2011-07-17 19:05:47,null,null,null,null,null
2018-06-27 08:05:52,@leona_gil,null,¬øNo ser√° que el tal Grezzi ha invertido mucha pasta en plazas de garage? habr√≠a que investigar.,1011883298304512000,null,null,null,0,0,null,184,null,null,2011-09-15 17:18:45,null,null,null,null,null
2018-06-27 08:04:18,@qja1j,null,@chompergames @rafaelchecafos @emtvalencia @joanribo @giuseppegrezzi Pero como van a hacer eso? Si el problema es que todo el mundo tiene coche y hay que prohibir su uso  a costa de no poner medios de transporte p√∫blicos eficientes y que lleguen al m√°ximo posible de la ciudad,1011882904329314304,null,null,null,0,0,null,113,null,null,2017-08-08 09:06:33,null,null,null,null,null
2018-06-27 08:02:33,@chompergames,null,@rafaelchecafos @qja1j @emtvalencia @joanribo @giuseppegrezzi Para que luego digan  lo que tienen que hscer poner un nocturno ya en benimaclet que esto es un cachondeo no hay ninguno desdel centro al barrio,1011882463826673664,null,null,null,0,0,null,503,null,null,2013-07-28 18:55:51,null,null,null,null,null
2018-06-27 08:01:27,@qja1j,null,"@rafaelchecafos @emtvalencia @joanribo @giuseppegrezzi Toda la vida no, llevar√≠a unos 10 a√±os, pero si que es cierto que lo usaba un mont√≥n de gente porque evitaba hacer transbordos est√∫pidos, pero claramente hay que hacer lo posible para que la gente use la bici y darles la raz√≥n",1011882186688155648,null,null,null,0,0,null,113,null,null,2017-08-08 09:06:33,null,null,null,null,null
2018-06-27 07:59:52,@rafaelchecafos,null,@qja1j @emtvalencia @joanribo @giuseppegrezzi toda la vida ese bus a la playa siempre lleno que salia de zona peset a malilla y la plata y hasta nazaret para ir a la playa y no es rentable? el q no es rentable es el dios gressi,1011881786585108480,null,null,null,0,0,null,81,null,null,2011-06-20 22:42:20,null,null,null,null,null
2018-06-27 07:56:37,@qja1j,null,"@rafaelchecafos @emtvalencia @joanribo @giuseppegrezzi Eso pasa por no ir en bici o en taxi, el autob√∫s sobra en esta ciudad porque contamina",1011880969928892416,null,null,null,0,0,null,113,null,null,2017-08-08 09:06:33,null,null,null,null,null
2018-06-27 07:55:43,@rafaelchecafos,null,@qja1j @emtvalencia @joanribo @giuseppegrezzi Eso se veia venir.ah este a√±o emt a la playa bus de verano ya no hay por debajo de mi casa el 23 que iva directo.ahora hay q hacer transbordo no se sabe donde y si vas cargado con cosas de playa imaginate la gente mayor. Haces transbordo te caes y te jodes,1011880742522146817,null,null,null,0,0,null,81,null,null,2011-06-20 22:42:20,null,null,null,null,null
2018-06-27 07:40:20,@qja1j,null,Como se puede observar en esta pegatina de la @emtvalencia claramente confirman la fant√°stica gesti√≥n (tono ir√≥nico) de @joanribo y @giuseppegrezzi algo que no sorprende a nadie m√°s que a los incr√©dulos que sin votarles les dimos un voto de confianza y fallan estrepitosamente https://t.co/jJ33x0OVjk,1011876870604935168,null,null,null,1,1,null,113,null,null,2017-08-08 09:06:33,null,null,null,null,null
2018-06-27 07:25:57,@emtvalencia,null,"@_Waytoheaven Hola, trabajamos para mantener una frecuencia regular pero es complicado por temas de tr√°fico, otras por incidencias en l√≠nea, aunque siempre intentamos minimizar los efectos. Anotamos para comprobar y mejorar. Disculpa la espera.",1011873252577333248,null,null,null,0,0,null,9667,null,null,2013-05-20 13:22:43,null,null,null,null,null
