"Twitter Query: metro valencia -filter:retweets,"
Date,Screen Name,Full Name,Tweet Text,Tweet ID,Link(s),Media,Location,Retweets,Favorites,App,Followers,Follows,Listed,Verfied,User Since,Location,Bio,Website,Timezone,Profile Image
2018-06-28 10:53:38,@TYPSAGroup,null,"Detailed design of #Valencia metro‚Äôs new line 10. The scope comprises a 2 km underground section with 3 stations, and a 3.5 km surface line with 5 stops. Project delivery using #BIM. Client: @GVAfgv https://t.co/HpHTUEmAj8",1012287903227998210,null,null,null,0,0,null,896,null,null,2016-02-29 09:11:45,null,null,null,null,null
2018-06-28 10:46:13,@TYPSAGroup,null,"Proyecto constructivo de la nueva l√≠nea 10 del Metro de #Valencia. Contempla un tramo subterr√°neo de 2 km y 3 estaciones y otro en superficie de 3,5 km con 5 paradas. En el proyecto se aplicar√° la metodolog√≠a #BIM. Cliente: @GVAfgv https://t.co/AqDQztpN4l",1012286037442355200,null,null,null,0,0,null,896,null,null,2016-02-29 09:11:45,null,null,null,null,null
2018-06-28 07:24:02,@JaRodmin,null,"@pablocasado_ Como os gusta siempre estar utilizando a las v√≠ctimas de eta, en cambio no os oigo hablar mucho o nada de las del yak 43 o las del metro de valencia incluso las del alvia y mucho menos las del 11M en las que murieron muchos vecinos de los madrile√±os por meternos en una guerra",1012235157322063873,null,null,null,0,0,null,22,null,null,2013-02-28 18:57:23,null,null,null,null,null
2018-06-28 07:08:24,@krenyre,null,Y en Madrid se quejan del metro... Les invito a Valencia ü§¶,1012231222242705413,null,null,null,0,1,null,390,null,null,2011-01-04 14:29:25,null,null,null,null,null
2018-06-28 04:39:42,@YgGregory,null,@goe_manogu @Metro_TV @valencia_amara @NasDem Semoga.,1012193801589293057,null,null,null,0,1,null,1031,null,null,2014-01-03 04:22:28,null,null,null,null,null
2018-06-28 04:33:16,@goe_manogu,null,@YgGregory @Metro_TV @valencia_amara @NasDem Cepat atau lambat Restorasi pasti diterima Rakyatnya,1012192183414165509,null,null,null,0,0,null,1471,null,null,2012-11-15 02:59:06,null,null,null,null,null
2018-06-28 04:27:44,@YgGregory,null,@Metro_TV @valencia_amara @NasDem partai nasionalis yang tetap memijak bumi. Selamat atas capaian di pilkada 2018 ini,1012190790041284608,null,null,null,0,0,null,1031,null,null,2014-01-03 04:22:28,null,null,null,null,null
2018-06-28 03:54:01,@DraculaMetro,null,"@DraculaMetro y @DraculaMetro son MARCAS REGISTRADAS. Cualquier similitud con algun loco de Valencia es ""mera coincidencia"". @caracas_metro",1012182305027305484,null,null,null,0,0,null,0,null,null,2018-06-28 03:09:57,null,null,null,null,null
2018-06-28 02:38:09,@JemuneG,null,"@valencia_amara @Metro_TV @cadarmerah Disitulah kebesaran jiwa seseorang apalagi Calon pemimpin bisa dilihat.
Dan skrg ia sdh diperlihatkan ternyata jiwanya kerdil.
Untung kalah.",1012163211750068224,null,null,null,1,10,null,621,null,null,2016-07-13 15:30:11,null,null,null,null,null
2018-06-28 01:33:16,@Derek_Catbcn,null,"@Josef1564 @pere_galliner @InCorrecPolit @gabrielrufian Espera, espera, d√©jame tiempo para re√≠r, jajajajaja si ten√©is junto con Valencia m√°s corruptos por metro cuadrado! El √∫nico que no est√° en la c√°rcel es la familia Pujol, pero es que a Espa√±a no le interesa, no vaya a ser que desenmascare a los ex Presidentes y la Casa Real. üòÇüòÅ",1012146885208039424,null,null,null,0,0,null,18,null,null,2017-10-14 20:03:07,null,null,null,null,null
2018-06-27 23:32:23,@numeroequivocad,null,"@trafficVALENCIA Valencia vista desde el espacio,Valencia te queremos!! sin luz !! Bueno sin gas,sin agua,sin transporte y el resto del metro PA CUANDO !!!! https://t.co/usyI5Sm2TP",1012116463547748353,null,null,null,0,0,null,139,null,null,2013-09-27 03:31:26,null,null,null,null,null
2018-06-27 23:25:07,@yoniel315,null,@Jesusantanderl @Alemarvez10 Pero estan liberando xq terminaron las obras del metro o por que ya no van a continuar mas con las obras del metro de valencia? @rafaellacava10 @NicolasMaduro,1012114631924514816,null,null,null,0,0,null,43,null,null,2017-01-08 20:39:45,null,null,null,null,null
2018-06-27 21:39:59,@Jostatan,null,"@OJMata_ Las horas de espera por bus/metro en Valencia son absurdas. Apuesto a que este pana se para a las 4 am solo para hacer commute intraurbano, me dar√≠a cosita si no lo cargar√° al lado.",1012088175324483584,null,null,null,0,0,null,665,null,null,2009-09-23 12:51:09,null,null,null,null,null
2018-06-27 19:01:15,@jeannedarc75,null,igual el metro Guarenas Valencia Maracaibo ya se han pagado 2 veces y nada corrupci√≥n a paso de vencedores pura eficiencia socialista https://t.co/RD0CGzTckA,1012048229289156608,null,null,null,0,0,null,2072,null,null,2009-06-19 22:12:59,null,null,null,null,null
2018-06-27 17:20:30,@pickysaurio,null,"@Yipee182 @psyxolotl Nada nada, todo depende del metro de Valencia",1012022872817225728,null,null,null,0,1,null,388,null,null,2009-08-26 22:33:56,null,null,null,null,null
2018-06-27 16:58:17,@compromtido22,null,El pp porq no acompa√±a a todas las v√≠ctimas por igual???les recuerdo q hay 120.000rspa√±oles q sus familias no saben donde est√°n enterrados ..y las v√≠ctimas del yak-42 ...y las v√≠ctimas del metro de Valencia? Ellos han robado saqueado por su culpa mucha gente a muerto https://t.co/M6vh0tPZvA,1012017283051421696,null,null,null,1,1,null,995,null,null,2016-02-11 18:58:30,null,null,null,null,null
2018-06-27 16:24:59,@leon_montao,null,"Mientras Valencia con 14 a√±os atraso del Metro, sem√°foros que no sirven y buses usados...https://t.co/zpSFy8d02L",1012008901900894208,null,null,null,0,0,null,8396,null,null,2014-02-11 20:50:15,null,null,null,null,null
2018-06-27 15:37:25,@jmunisan,null,"@AntonioRNaranjo @JavierMaroto Va a ser casi tan imposible como que el PP pida perd√≥n por silenciar a las v√≠ctimas del metro de Valencia o por la ignominia de la identificaci√≥n de las v√≠ctimas del YAK 42. No pida cosas dif√≠ciles, Sr. Naranjo",1011996934230495232,null,null,null,0,1,null,1047,null,null,2010-08-02 14:25:23,null,null,null,null,null
2018-06-27 15:05:01,@lopardo_cai,null,Me ha gustado un v√≠deo de @YouTube (https://t.co/fmQTyaEBFz - NAVEGANDO por el METRO INUNDADO de VALENCIA con una BARCA).,1011988780524425217,null,null,null,0,0,null,63,null,null,2010-12-13 03:43:38,null,null,null,null,null
2018-06-27 14:49:51,@Bboy_Andrinho,null,Me ha gustado un v√≠deo de @YouTube (https://t.co/odUik7mllk - NAVEGANDO por el METRO INUNDADO de VALENCIA con una BARCA).,1011984960734056448,null,null,null,0,0,null,38,null,null,2012-07-02 19:16:01,null,null,null,null,null
2018-06-27 14:21:26,@carolmola,null,"Gente de Valencia que cuando hay que hacer un trasbordo prefiere evitar el metro, no vay√°is a Madrid xD",1011977811605762048,null,null,null,0,14,null,13426,null,null,2009-04-22 13:11:23,null,null,null,null,null
2018-06-27 13:25:52,@PalomoAsesino,null,"S√© que no va a leerme mucha gente, pero The Or√§cles y yo tocamos juto a @mantequillarock y  @Anthr_Influence el 21 de Julio en la sala Magazine (cerca de la parada de metro de √Ängel Guimer√†, Valencia)",1011963829444665345,null,null,null,11,9,null,108,null,null,2013-01-10 21:09:00,null,null,null,null,null
2018-06-27 12:03:06,@DieggoMG,null,"Encontrarse a un compa√±ero de clase de 1o de la ESO, un chico con la camiseta de Muse, y otras cosas extra√±as en el metro de valencia.",1011942998987431937,null,null,null,0,2,null,40,null,null,2018-06-01 06:51:27,null,null,null,null,null
2018-06-27 12:02:28,@rouxrizos_5,null,Que me toque descargarme la App del Metro de Valencia y no tenga ni el de Madrid tiene tela oye,1011942840451194880,null,null,null,0,0,null,395,null,null,2010-10-09 22:29:13,null,null,null,null,null
2018-06-27 11:53:16,@vocesdeoz,null,"@Eanair_1972 @CiudadRotisima @Miguevcf @lasprovincias @valenciaenbici A pagar por bici tb. Que salen gratis los carriles bici,  ya...claro. Y los que por trabajo tenemos que movernosa Valencia qu√©?? Luego me recoge usted a tiempo a los ni√±os del cole en bici o en metro?? Primero adecuen el transporte p√∫blico como en europa, frecuencia de paso y ‚Ç¨",1011940522653634561,null,null,null,0,1,null,19,null,null,2017-01-04 00:19:59,null,null,null,null,null
2018-06-27 11:10:37,@Gisso_Vlc,null,"@EliasLM84 @minervagra @PNCalderona72 Yo mismo para moverme por Valencia lo hago casi siempre andando, alguna vez en Metro. Solo cojo el coche cuando es necesario ya que me voy fuera o mi madre necesita ir a alg√∫n sitio, ya que no puede moverse bien del todo. Esto ya me parece un disparate...",1011929790578872320,null,null,null,0,4,null,250,null,null,2012-03-15 13:03:49,null,null,null,null,null
2018-06-27 11:00:04,@ActibiciVlc,null,"@Miguevcf @CiudadRotisima @lasprovincias @valenciaenbici . Tambi√©n pago los costes del metro de Valencia, y del tranv√≠a, etc., y casi no los uso. Todos pagamos con nuestros impuestos cosas que despu√©s no usamos o usamos muy poco y de vez en cuando.",1011927134565171200,null,null,null,0,0,null,1572,null,null,2011-12-14 16:42:45,null,null,null,null,null
2018-06-27 10:29:20,@Hartmannmora,null,"Espanya √©s un pa√≠s molt de mirar cap una altra banda i oblidar. El problema resulta que sempre hem de ser els mateixos els que oblidem.

- Tortures
- El Prestige
- Crims franquisme
- GAL
- YAK42
- Metro Val√®ncia
- Accident de tren a Angrois

I ara #1oct? Doncs ni de conya! https://t.co/LbzO2lK6gp",1011919401724018688,null,null,null,1,3,null,5000,null,null,2009-10-27 20:56:16,null,null,null,null,null
2018-06-27 09:25:18,@alex_nen,null,"Sempre en pregunte per qu√® moltes llums de @metrovalencia funcionen de Mat√≠as, gastant recursos innecess√†riament, com a l‚Äôestaci√≥ de Bail√©n ara mateixa @GVAfgv #val√®ncia #valencia #metro #STOPcambioClim√°tico https://t.co/pLWjZDZvJX",1011903286834802690,null,null,null,0,0,null,336,null,null,2011-01-24 00:06:28,null,null,null,null,null
2018-06-27 08:33:03,@nataliamayg,null,"No hay nada mejor para reforzar tu ingl√©s que venirse a Valencia a dar indicaciones a los turistas... 3 de la estaci√≥n del Norte a la parada de metro. C1, all√° voy",1011890138501341184,null,null,null,0,1,null,164,null,null,2011-08-10 07:26:20,null,null,null,null,null
2018-06-27 07:16:11,@Cohispania,null,"Despu√©s de Madrid y Barcelona se sit√∫an las islas Baleares, donde los terrenos cuestan una media de 397 euros por metro cuadrado, y Valencia con un promedio de (337,5 euros por metro). 
#vivienda #construcci√≥n #RealEstate
V√≠a @expansioncom  
https://t.co/IRMdAi14ff",1011870793394020353,null,null,null,0,0,null,88,null,null,2016-01-25 07:57:48,null,null,null,null,null
2018-06-27 07:07:34,@Bytybajk,null,"Hoy en el #Caf√©Joserra el candidato del PP tiene los reda√±os de hablar de @sanchezcastejon como ""El Presidente Muerte"" por la ley de la eutanasia... De c√≥mo gestion√≥ su partido casos como el #Yak-42, del accidente del metro de Valencia,  de ETA y el #11M...  Lo ha debido olvidar. https://t.co/RoCzCpl0WU",1011868626998226944,null,null,null,26,26,null,775,null,null,2009-12-21 22:28:04,null,null,null,null,null
2018-06-27 06:37:23,@Maria_Nikonist,null,@beligua62 A mi me tenia que haber patrocinado metro valencia hace mucho tiempo.,1011861028328607744,null,null,null,0,1,null,647,null,null,2011-04-16 11:09:40,null,null,null,null,null
2018-06-27 04:29:37,@No_mientas_NH,null,"@Atletineando De todas maneras cuidado con sus afirmaciones, puede que en televisi√≥n y los medios por los que se informa no le hayan contado la verdad (como con el 11-M, con el Yak-42, con el Prestige, con el Metro de Valencia...y para qu√© seguir....)
https://t.co/gVREVD9Ix0",1011828877390475265,null,null,null,1,0,null,54,null,null,2017-09-27 14:27:57,null,null,null,null,null
2018-06-26 23:49:04,@CAMETROVALENCIA,null,"üî¥Al momento| Llegan unidades reperfiladas del sistema de ruedas de Metro de Valencia, desde la sede del IFE. Dando cumplimiento a las metas trazadas en materia del mantenimiento de  trenes, con el firme prop√≥sito de optimizar el servicio.
#100diasdealtoimpacto #PlanAltoImpacto https://t.co/1bc4ruCRcI",1011758273324871680,null,null,null,4,3,null,9010,null,null,2013-06-05 06:36:57,null,null,null,null,null
2018-06-26 16:51:36,@empargp,null,"Cristina Dur√°n: activisme social il¬∑lustrat. El dia 3 (Astiberri, 2018)
L' any 2006, a Val√®ncia, sis dies abans de la visita del papa Benet XVI, a les vies de l‚Äôestaci√≥ de metro de Jes√∫s jeien 43 persones mortes i 47 ferides de gravetat @avm3j
 https://t.co/to0wdOfhUN",1011653214767329281,null,null,null,1,1,null,89,null,null,2017-04-13 14:04:28,null,null,null,null,null
2018-06-26 16:40:52,@josepbartual,null,"Hoy comprobado en mis propias carnes. En zona de radar de tramo de Val√®ncia un coche pegado a mi moto a un metro y pit√°ndome #StopConductorMacarra üëáüèø

Tres de cada cuatro motoristas creen que los coches no les respetan https://t.co/obbsG0EoxR via @levante_emv @pons_SVial",1011650513589493760,null,null,null,1,4,null,939,null,null,2010-04-08 08:24:38,null,null,null,null,null
2018-06-26 16:30:36,@splendid1040,null,Canciller Jos√© Valencia: Se prev√© que el 27 de junio lleguen los cuerpos de periodistas asesinados | Metro Ecuador https://t.co/BexC386vaP https://t.co/8DbW2HqSEi,1011647929680003072,null,null,null,0,0,null,23154,null,null,2010-12-16 19:19:22,null,null,null,null,null
2018-06-26 14:45:17,@CAMETROVALENCIA,null,"#Ahora| A prop√≥sito de los #100DiasATodaMaquina emanados por @TransporteGobVe, bajo las sendas de @NicolasMaduro la Presidenta del Metro de Valencia Yolyemil Rodr√≠guez, tras alianza con IFE y Corpolog√≠stica traslada booguies hacia la ciudad de Caracas para su reperfilado https://t.co/AImJaZCi2v",1011621426682621954,null,null,null,6,6,null,9010,null,null,2013-06-05 06:36:57,null,null,null,null,null
2018-06-26 14:36:37,@CAMETROVALENCIA,null,"Metro de Valencia ejecuta 2do traslado de booguies para su mantenimiento y reperfilado, cumpliendo as√≠ las l√≠neas del presidente @NicolasMaduro y @TransporteGobVe en el marco del Plan de Alto Impacto #100DiasATodaMaquina que pretende consolidar aun m√°s al sector transporte https://t.co/lPtEHtzGEw",1011619243509665793,null,null,null,5,3,null,9010,null,null,2013-06-05 06:36:57,null,null,null,null,null
2018-06-26 13:50:57,@avus__,null,"@Jaxx8_ 

-una estaci√≥n del metro en Valencia.
-cuando me cortaron el cuello.
-CaraboboFC",1011607750764388353,null,null,null,0,0,null,856,null,null,2011-04-17 01:10:34,null,null,null,null,null
2018-06-26 09:47:47,@versosdlaire,null,q cuco el metro d val√®ncia jo no havia vist a√ß√≤ üíúüíú https://t.co/8wgxtsvVtb,1011546555998973953,null,null,null,38,167,null,2080,null,null,2014-06-12 18:50:07,null,null,null,null,null
2018-06-26 08:41:05,@polibueno691,null,@jtremendo9 @jordiromafarret @sanchezcastejon M√°s deficitaria y cara que la L9 del metro de Barcelona 16.000 millones de ‚Ç¨ y se hizo. M√°s cara que el AVE de Madrid a Valencia.,1011529771644346368,null,null,null,1,1,null,7112,null,null,2015-03-14 17:51:48,null,null,null,null,null
2018-06-26 07:26:13,@LauLoSan,null,"Lo que me agobia de Valencia es que hay que ir en bus o metro a todos lados. En mi pueblo no vamos en bus ni al cine, que est√° a tomar por culo. A patita y a sudar, pero aqu√≠ da una pereza...",1011510929987723264,null,null,null,0,0,null,276,null,null,2012-01-13 16:15:09,null,null,null,null,null
2018-06-26 04:15:42,@leon_montao,null,@ConElMazoDando Metro de Valencia 14 a√±os de atraso entrar√° en esa discusi√≥n?,1011462983527161856,null,null,null,1,0,null,8396,null,null,2014-02-11 20:50:15,null,null,null,null,null
2018-06-26 01:54:27,@NicolaTomaChela,null,Me ha gustado un v√≠deo de @YouTube (https://t.co/fPwhM0NtTd - Remamos por el METRO INUNDADO de Valencia con una BARCA HINCHABLE -,1011427439770329089,null,null,null,0,0,null,1,null,null,2017-09-23 17:40:09,null,null,null,null,null
2018-06-26 01:15:23,@ohhdomingo,null,"I'm at Valencia Hills Condominium in Quezon City, Metro Manila https://t.co/IXQIKGEvcC",1011417606476230656,null,null,null,0,1,null,233,null,null,2011-06-03 08:00:03,null,null,null,null,null
2018-06-26 00:27:19,@leon_montao,null,@ifetren @TransporteGobVe @tupamarohipolit @NicolasMaduro @TareckPSUV @MirandaGob @PresidencialVen @ViceVenezuela @CiudadCCS @VTVcanal8 Metro de valencia 14 a√±os de atraso en las obras...hasta cuando deberemos esperar?,1011405510988521473,null,null,null,0,0,null,8396,null,null,2014-02-11 20:50:15,null,null,null,null,null
2018-06-25 23:05:05,@guacharo21,null,"El Metro de Caracas para por falla el√©ctrica.
Bue donde estoy en Valencia  @trafficVALENCIA  esta por el piso la se√±al de Digitel TIM, toda una mierda y de paso mis clientes no se pueden comunicar conmigo, llueve sobre mojado!
0412 no hay!!    #25Jun",1011384817634758657,null,null,null,0,0,null,97,null,null,2013-04-05 02:14:07,null,null,null,null,null
2018-06-25 22:43:41,@PerezEliceo,null,@alc_valencia Hermano empieza por plaza de toros el metro av las ferias santa rosa av Sesquicentenaria una total boca de lobos su gesti√≥n no se observa,1011379430126706688,null,null,null,0,0,null,5,null,null,2013-01-21 21:31:25,null,null,null,null,null
2018-06-25 20:23:53,@elkloden,null,"Me parec√≠a extra√±o que alguien como Cospedal no utilizase a las v√≠ctimas de ETA como arma pol√≠tica.
Ojal√° se acordase as√≠ de las del ALVIA, Metro de Valencia, YAK42... https://t.co/1sw7WFwuep",1011344247239401472,null,null,null,5,11,null,27881,null,null,2015-05-23 16:29:34,null,null,null,null,null
2018-06-25 20:15:54,@GNB_CARABOBOGDP,null,"Se efectua patrullaje con interaccion (PACIN) en la estaci√≥n del Metro la Cede√±o en la ciudad de Valencia, con la finalidad de atender las necesidades de los ciudadanos y brindar seguridad preventiva. #25Jun https://t.co/1v9gKQ7Njc",1011342237932777472,null,null,null,4,5,null,4610,null,null,2014-10-22 15:32:12,null,null,null,null,null
2018-06-25 20:10:03,@20mValencia,null,Busquen una altra parcel¬∑la per als tallers de la L10 https://t.co/dd4R0GkSV6 https://t.co/Uafol5gR47,1011340766353018880,null,null,null,0,0,null,1211,null,null,2014-01-22 17:05:20,null,null,null,null,null
2018-06-25 20:06:08,@Mareotisfossae,null,#Lego 3700 metro #Valencia by night https://t.co/0QPmPm5MuU,1011339782985846784,null,null,null,0,1,null,70,null,null,2016-08-11 21:35:42,null,null,null,null,null
2018-06-25 19:02:46,@juanmoreno6227,null,"@0800INFOVIA @metro_caracas @TransporteGobVe @NicolasMaduro la semana pasada,mi hermano denuncio por ese mismo numero,y queria la placa de la unidad,se imagina,tendria uno que cargar una libreta para anotarlas todas,lo que tienen que hacer es colocar fiscales en toda valencia y verificaran tal denuncia",1011323836594294786,null,null,null,0,0,null,11,null,null,2016-05-15 01:35:17,null,null,null,null,null
2018-06-25 17:28:59,@trafficVALENCIA,null,via @ahinamendez:  @NEGROGADEA le acaban de robar el tlf a mi esposo en el metro de Valencia y les comunic√≥ para que est√©n mosca,1011300233668509696,null,null,null,4,2,null,695356,null,null,2009-12-07 09:19:56,null,null,null,null,null
2018-06-25 17:27:54,@ahinamendez,null,@trafficVALENCIA @NEGROGADEA le acaban de robar el tlf a mi esposo en el metro de Valencia y les comunic√≥ para que est√©n mosca,1011299963140280320,null,null,null,0,0,null,106,null,null,2017-05-11 17:08:37,null,null,null,null,null
2018-06-25 16:59:11,@iopflygirl,null,"Arrived in Valencia by train. Typed my hotel in Google Maps. Hopped on metro. Wasn‚Äôt paying attention and got off one stop too early so I walked extra (all uphill) to find out Google steered me ALL WRONG. Bright side: now it‚Äôs all downhill. 

So glad I already ate.",1011292735255597056,null,null,null,0,5,null,1949,null,null,2009-04-25 23:44:55,null,null,null,null,null
2018-06-25 15:41:14,@CAMETROVALENCIA,null,"Bajo el plan de Alto Impacto #100D√≠asATodaM√°quina propuesto por el Ministro del Poder Popular para el Transporte, Hip√≥lito Abreu, Metro de Valencia siguiendo directrices de su presidenta Yolyemil Rodr√≠guez ejecuta desmalezado y limpieza en estaci√≥n #Monumental https://t.co/xpycMWlv1f",1011273118789328897,null,null,null,4,4,null,9010,null,null,2013-06-05 06:36:57,null,null,null,null,null
2018-06-25 14:35:47,@DavidVeIez,null,"@andres_pina Valencia no es una ciudad de segundo nivel (ten√©is aeropuertos, AVE, metro...).
Seguramente la poblaci√≥n de norte de Espa√±a pensamos algo muy diferente, ya que aparte de Valencia, hay otra parte de Espa√±a aislada, y no es ni citada en la noticia :(",1011256647971459072,null,null,null,0,1,null,581,null,null,2010-09-21 18:38:36,null,null,null,null,null
2018-06-25 14:29:02,@EpaLuijs,null,"jdhajshdjajaja suicidarse en el metro de valencia seria demasiado ladilla, mucha gente y pocos trenes https://t.co/aMO3DZ9fcV",1011254946124222465,null,null,null,0,0,null,1374,null,null,2009-10-24 22:55:05,null,null,null,null,null
2018-06-25 14:17:22,@Jota321Jesus,null,"@PPopular A ver si en el aniversario del 11M, del yak42, del metro de Valencia, del tren de Santiago de Compostela, etc etc tambi√©n se acuerdan de todas las v√≠ctimas. Ah no, que esas tragedias no les dan votos, les restan. Qu√© tendr√°n que ocultar? Dejad ya de utilizar a las v√≠ctimas de ETA",1011252011130597378,null,null,null,0,1,null,8,null,null,2014-06-12 22:04:20,null,null,null,null,null
2018-06-25 13:51:54,@Eliomanriqu,null,por que el metro de valencia no funcionan ninguna de las escaleras electricas como hacemos los discapasitados elio manrique valencia,1011245604285091840,null,null,null,0,0,null,0,null,null,2014-07-29 00:41:10,null,null,null,null,null
2018-06-25 13:27:03,@FrancescRomeu,null,https://t.co/r0lcO8WAwS @metrovalencia @GVAfgv @CERMICV @Cermi_Estatal,1011239348531056642,null,null,null,4,4,null,4704,null,null,2011-07-27 11:27:40,null,null,null,null,null
2018-06-25 12:29:12,@juanmoreno6227,null,"@metro_caracas @0800INFOVIA @TransporteGobVe @NicolasMaduro en valencia estan cobrando 10mil bs,y solo rutas cortas,que podemoshacer porque no hay efectivo,y los transcarabobo,ya no trabajan con la misma regularidad",1011224789942403073,null,null,null,0,0,null,11,null,null,2016-05-15 01:35:17,null,null,null,null,null
2018-06-25 12:03:44,@gematec,null,@YonGoicoechea Si esto te asombra quedarias infartado con el Metro de Valencia.,1011218383155748864,null,null,null,0,0,null,676,null,null,2010-02-19 13:54:18,null,null,null,null,null
2018-06-25 11:56:33,@jlobrador,null,Ayuntamiento y FGV buscan otra parcela para las cocheras de la futura l√≠nea 10 de Metrovalencia tras las protestas vecinales en Quatre Carreres https://t.co/R7u3ld6yhO v√≠a @20m https://t.co/VFLR10q01w,1011216573103857664,null,null,null,1,0,null,1224,null,null,2011-09-02 13:49:47,null,null,null,null,null
2018-06-25 11:35:14,@jmunisan,null,"@pablocasado_ @PPopular @JavierMaroto Con las v√≠ctimas del metro de Valencia, ya tal..",1011211210648416258,null,null,null,0,0,null,1047,null,null,2010-08-02 14:25:23,null,null,null,null,null
2018-06-25 09:35:04,@20mValencia,null,Busquen una altra parcel¬∑la per als tallers de la L10 https://t.co/b2KPvw27jR https://t.co/GUpqV1uDqM,1011180967195828224,null,null,null,0,0,null,1211,null,null,2014-01-22 17:05:20,null,null,null,null,null
2018-06-25 09:21:02,@ViuValencia,null,"La L√≠nea 10 de Metrovalencia contar√° con todos los elementos necesarios para garantizar unas condiciones de accesibilidad universal
https://t.co/OqnQ99NkQG #Valencia #Metro #Servicios https://t.co/BOjzHCyNIA",1011177435742826496,null,null,null,0,0,null,5711,null,null,2012-11-14 15:28:51,null,null,null,null,null
2018-06-25 09:19:19,@3cuartistapicks,null,"Buen fichaje del Valencia. 21 a√±os, central potente, metro 90. Podr√≠a ser bueno en las dos √°reas en bal√≥n parado. Reforzando una de las zonas que m√°s dolor de cabeza le dio a Marcelino. https://t.co/3lE9vWlWwq",1011177003377221633,null,null,null,0,0,null,682,null,null,2015-12-09 12:13:01,null,null,null,null,null
2018-06-25 09:03:09,@Revan_Gonzalez,null,@Rockdrugs_ El metro de Valencia es un desastre xD,1011172935355256832,null,null,null,1,1,null,1225,null,null,2012-03-25 19:23:33,null,null,null,null,null
2018-06-25 02:40:29,@iGuido141,null,"@ShiroYouRayer tt tengo que pillar el metro para ir al aeropuerto de Valencia, que asco de vida",1011076637776105478,null,null,null,1,2,null,60,null,null,2018-06-01 21:39:12,null,null,null,null,null
2018-06-25 00:50:09,@RobertoJGarciaJ,null,"El Proyecto Original de Ampliar la Avenida Bol√≠var desde Cede√±o hasta la Redoma de Guaparo fue de Paco Cabrera donde se resaltaba los locales comerciales, caf√©s y restaurantes al aire libre, con eso anexo a las Estaciones del Metro, Valencia hubiera sido otra. https://t.co/crOdQDnq2a",1011048868610494465,null,null,null,1,2,null,363,null,null,2010-04-30 23:10:41,null,null,null,null,null
2018-06-25 00:03:27,@acamilah8,null,He a√±adido un v√≠deo a una lista de reproducci√≥n de @YouTube (https://t.co/F64ylDgiFV - Remamos por el METRO INUNDADO de Valencia,1011037118959898624,null,null,null,0,0,null,1,null,null,2017-04-04 01:37:33,null,null,null,null,null
2018-06-24 23:56:35,@AnyePerz,null,"@jesusmedinae No s√© si el metro de Valencia ha sido uno de los mejores pero est√° igual que el de Caracas. Y eso que no transporta la misma cantidad de ""gente"" que en Caracas. Todos son unos salvajes.",1011035390642356225,null,null,null,0,0,null,16,null,null,2011-11-18 21:45:16,null,null,null,null,null
2018-06-24 23:33:55,@LardoDuan,null,"@nicoodoroki es que si tu estas a colon per example escoltar√†s parlar valenci√† solament a la gent que ha vingut en metro, pero mai no a alguna persona que viu a cinc minuts. es que es suposa que tothom els parla els dos per√≤ a l'escola en la ciutat no s'apren valenci√† b√©, es terrible",1011029683155107841,null,null,null,0,1,null,1224,null,null,2012-09-22 19:05:27,null,null,null,null,null
2018-06-24 21:34:06,@luis_ernesto_35,null,Me gust√≥ un video de @YouTube https://t.co/FjNI3Gv6P4 NAVEGANDO por el METRO INUNDADO de VALENCIA con una BARCA,1010999532195377152,null,null,null,0,0,null,0,null,null,2017-11-21 23:06:08,null,null,null,null,null
2018-06-24 21:13:40,@luis_ernesto_35,null,Me gust√≥ un video de @YouTube https://t.co/CgFs2y05bX Remamos por el METRO INUNDADO de Valencia con una BARCA HINCHABLE - Portillo,1010994388036653060,null,null,null,0,0,null,0,null,null,2017-11-21 23:06:08,null,null,null,null,null
2018-06-24 18:48:30,@AmparoLOL,null,Odio el metro de valencia,1010957855443341316,null,null,null,0,1,null,223,null,null,2011-12-30 13:32:09,null,null,null,null,null
2018-06-24 18:46:38,@UglyBear_,null,https://t.co/sd6Huo8GOp #mufc,1010957386234957824,null,null,null,0,0,null,67,null,null,2015-03-12 17:27:36,null,null,null,null,null
2018-06-24 18:37:16,@iGuido141,null,Rikako ha estado en el metro de valencia y se ha dejado un dibujo https://t.co/Pafb9hkXHL,1010955029212213250,null,null,null,0,3,null,60,null,null,2018-06-01 21:39:12,null,null,null,null,null
2018-06-24 18:32:04,@iGuido141,null,"@Scythe_Wave @Ecuaneel Gracias por pasarle algo, es que yo estoy en el metro de Valencia de camino al aeropuerto y no puedo ni gastar datos porque si no tampoco distraerme",1010953719708561410,null,null,null,0,1,null,60,null,null,2018-06-01 21:39:12,null,null,null,null,null
2018-06-24 18:31:19,@AnaRosa3011,null,@jesusmedinae El metro de valencia tambien es de terror. Parece que estoy viendo una estacion en Valencia.,1010953530776137729,null,null,null,1,0,null,468,null,null,2012-04-20 23:51:54,null,null,null,null,null
2018-06-24 17:07:45,@oresteseliecer,null,"Ojo esa no debe ser la soluci√≥n definitiva, Valencia tiene un Metro que hay que desarrollarlo al m√°ximo. Pero si ayuda a contrarrestar la crisis actual y es lo que vale. @rafaellacava10",1010932501337034753,null,null,null,0,0,null,103,null,null,2017-05-16 17:17:42,null,null,null,null,null
2018-06-24 12:41:03,@manoloromz,null,@HerrDV @mlalanda @TMCAMPOS @EMTmadrid En el Metro de Valencia y Sevilla ocurre tambi√©n,1010865385229385729,null,null,null,0,2,null,213,null,null,2016-03-23 09:21:28,null,null,null,null,null
2018-06-24 12:34:21,@cubobinski,null,Cuando hablan de bakalas fuera de Valencia es en plan keep calm bitch. Aqu√≠ hacemos raves en las bocas de metro abandonadas y cuando llueve nos metemos en piragua en la l√≠nea fantasma que une el centro con Nazaret.,1010863700520112128,null,null,null,0,0,null,65,null,null,2015-06-26 07:08:04,null,null,null,null,null
2018-06-24 10:39:25,@betszone7,null,[ Manchester United line up ¬£30m transfer offer for Valencia defender Jose Luis Gaya: Jose Mourinho is keen to strike a deal https://t.co/gvfUYV4AnC,1010834775396012032,null,null,null,0,0,null,114,null,null,2018-05-04 12:32:56,null,null,null,null,null
2018-06-24 10:38:58,@Javiersiitoh,null,"@pablocasado_ Lastima que no est√©n tambi√©n con las v√≠ctimas del metro de Valencia, Jak-43, Alvia y tantos otros que est√°n olvidados y abandonados... BAsta ya de politizar a las v√≠ctimas",1010834661151592448,null,null,null,0,0,null,180,null,null,2013-05-21 00:48:38,null,null,null,null,null
2018-06-24 10:35:08,@fbb888,null,| Jose Mourinho is keen to strike a deal &gt; https://t.co/r9p5PgTpRy,1010833699032707072,null,null,null,0,0,null,67722,null,null,2015-05-04 08:56:00,null,null,null,null,null
2018-06-24 10:34:04,@fbbbetf,null,Manchester United line up ¬£30m transfer offer for Valencia defender Jose Luis Gaya: Jose Mourinho is keen to strike a deal https://t.co/NrMPYy7li1,1010833429343162368,null,null,null,0,0,null,64612,null,null,2015-05-31 09:45:18,null,null,null,null,null
2018-06-24 10:19:09,@Benjamindamilo2,null,Manchester United line up ¬£30m transfer offer for Shaw and Young replacement https://t.co/rnLGEic9Ou via @Metro_Sport,1010829673796956161,null,null,null,0,0,null,3,null,null,2017-02-07 08:58:20,null,null,null,null,null
2018-06-24 10:18:11,@Cleansheet,null,Manchester United line up ¬£30m transfer offer for Valencia defender Jose Luis Gaya https://t.co/4KwuLL9h3T https://t.co/eiQbvzSEwA,1010829429986082816,null,null,null,0,1,null,587,null,null,2014-03-06 07:11:08,null,null,null,null,null
2018-06-24 10:09:35,@fbbsix,null,| Manchester United line up ¬£30m transfer offer for Valencia defender Jose Luis Gaya: Jose Mourinho is keen to strike a deal : https://t.co/SffrvXGVat,1010827269349281794,null,null,null,0,0,null,28166,null,null,2016-06-05 09:06:16,null,null,null,null,null
2018-06-24 10:00:04,@ManUtdLatestCom,null,Manchester United line up ¬£30m transfer offer for Shaw and Young replacement #mufc #ManUtd https://t.co/rFurQ1pSKx,1010824874649059328,null,null,null,0,0,null,4291,null,null,2016-04-24 04:08:07,null,null,null,null,null
2018-06-24 08:27:04,@pepa46701,null,"@Juanmi_News a ver, que es la ‚Äúcostumbre‚Äù de tod@s los razonablemente patriotas, Master de la Cifu, denuncia, tema G√ºrtel, que te voy a contar, Alsasua, al que graba 13 a√±os, el teniente Segura, ya lo ves, el Yak 42, el accidente del Alvia, el del metro de Valencia, sin comentarios",1010801469652717568,null,null,null,0,0,null,301,null,null,2018-03-07 13:52:06,null,null,null,null,null
2018-06-24 06:07:02,@euroturismo,null,LAS ESTACIONES DE METRO M√ÅS ESPECTACULARES DE MOSC√ö - https://t.co/2OJEpSffPc - #viajes #viajar #Valencia #vacaciones #escapadas https://t.co/1eY5vot3Fz,1010766227587911680,null,null,null,0,0,null,1579,null,null,2010-01-27 01:06:25,null,null,null,null,null
2018-06-24 04:19:14,@RTn_Valencia,null,Accesibilidad total para la l√≠nea 10 del Metro https://t.co/IbhA4xbiSD https://t.co/bVFC981PNh,1010739100444323840,null,null,null,0,0,null,318,null,null,2014-11-20 01:19:34,null,null,null,null,null
2018-06-24 00:47:38,@FrantottiYT,null,Me ha gustado un v√≠deo de @YouTube (https://t.co/hisAb4JWRK - NAVEGANDO por el METRO INUNDADO de VALENCIA con una BARCA).,1010685847329558529,null,null,null,0,0,null,163,null,null,2013-09-04 17:50:33,null,null,null,null,null
2018-06-23 22:56:48,@albertolugo84,null,"Que vaya y se siente con su ""humildad"" en Propatria ah√≠ en la estaci√≥n del metro P√©rez Bonalde, en el Paseo Orinoco de Cd. Bol√≠var, en San Josecito en el T√°chira, en la Avenida Lara en Valencia. De verdad @tmaniglia ud representa un sector comemierda del periodismo https://t.co/fEo8N40nmR",1010657956734668806,null,null,null,0,0,null,1578,null,null,2009-10-25 20:49:21,null,null,null,null,null
